"Index","XStart","YStart","Angle","Major","Minor","SineRad"
1592,75,313,177.77126,8.573282,5.3464494,0.0388890421373908
1592,75,325,2.1228054,9.86002,5.1652617,0.0370414677916396
1592,72,338,165.4727,6.839984,4.653664,0.250841273651693
1592,72,350,171.17139,7.2105947,4.767633,0.153479277865156
1592,72,362,175.28442,7.042245,5.0624065,0.0822095135253221
1592,71,374,172.14568,7.706834,5.121484,0.136654802522404
1592,72,386,173.95262,6.7158594,4.9292617,0.105350834386534
1592,72,398,165.46236,6.568233,4.6523547,0.251015966759939
1592,72,410,174.88939,7.6346006,4.8363953,0.0890787416616032
1592,73,422,0,6.1868825,4.939119,0
1592,71,434,168.21689,8.09365,5.191342,0.204207486450347
1591,72,314,176.25072,7.8136888,5.051446,0.0653905897599297
1591,74,325,2.6218126,8.808071,5.926703,0.0457432946153544
1591,73,338,9.556487,6.014977,4.868599,0.166019888819424
1591,73,350,0.036917362,7.3439617,4.8544245,0.000644329473467276
1591,73,362,177.62827,6.721565,5.114504,0.0413826768720362
1591,72,374,175.81407,7.441811,4.9616885,0.0729932865740654
1591,72,386,168.49503,7.2554827,4.211677,0.199452935142247
1591,73,398,175.43793,7.158885,4.446361,0.0795390358116143
1591,72,410,171.17706,8.263023,4.9308424,0.153381489438496
1591,73,422,0,5.5818048,4.562107,0
1591,72,434,176.40039,7.1387067,4.815644,0.0627837261754099
1590,72,314,176.99176,8.491796,4.648066,0.0524795737379485
1590,75,325,178.09264,9.1708975,5.5533915,0.0332835637243842
1590,73,338,169.11942,6.1369348,4.564375,0.188762604160639
1590,72,350,169.5346,6.8106775,4.8606367,0.181641720470686
1590,72,362,169.12349,7.5166917,4.91226,0.188692845796145
1590,71,374,165.26057,8.3316965,4.7373815,0.254423541980219
1590,72,386,173.83636,7.3013415,4.708377,0.107368444093929
1590,72,398,178.07698,6.744973,4.7192163,0.0335567296061519
1590,72,410,174.74475,7.790137,5.0667176,0.0915928636712925
1590,73,422,174.46567,6.4901195,4.708349,0.0964421483452448
1590,71,434,176.0135,7.13777,5.1730366,0.0695214263180983
1589,75,313,179.48187,8.271835,5.0795145,0.00904295120098435
1589,74,325,2.0365593,9.36921,5.9794307,0.0355371810106616
1589,74,338,2.0362196,6.2657857,4.267307,0.0355312558715182
1589,72,350,174.3973,6.773133,4.88758,0.0976297986371094
1589,72,362,172.64752,7.4411974,4.790991,0.12797307968905
1589,71,374,165.49725,7.7998853,4.897147,0.250426471516945
1589,72,386,170.13695,6.8467264,4.835045,0.171293768395649
1589,73,398,178.42975,6.9516935,4.5788827,0.0274026019726031
1589,79,400,0,1.1283792,1.1283792,0
1589,71,410,169.21645,9.090484,5.042265,0.18709928565302
1589,74,421,139.78952,7.011496,5.6293874,0.645597383243653
1589,74,433,176.6748,7.9790673,5.425464,0.0580031150420543
1588,72,314,179.67578,9.191159,4.848505,0.00565867630132943
1588,74,325,2.6618023,8.9925995,5.5219116,0.0464405047522132
1588,73,338,173.22841,6.2095966,4.7160087,0.117911593769495
1588,72,350,174.49966,6.9032664,4.611004,0.0958516593184842
1588,72,362,167.42616,7.606306,4.6869936,0.217697636422095
1588,72,374,179.03198,7.2105045,4.944274,0.016894332462832
1588,72,386,176.88924,6.7726307,5.07594,0.0542663346480168
1588,71,398,166.4216,7.934335,4.493219,0.234775675737121
1588,72,410,174.91008,9.131431,4.7407846,0.0887190627952074
1588,74,422,16.542427,6.2755013,4.4635906,0.284725264004998
1588,74,433,7.1168733,7.1685967,5.506018,0.12389370781395
1587,72,314,179.46844,8.808299,4.7701497,0.00927733908483193
1587,74,325,175.18056,8.876172,5.594342,0.0840159405711362
1587,73,338,177.79596,6.0186367,4.654089,0.0384582683210899
1587,73,350,179.44702,6.816834,4.669468,0.00965117186480693
1587,72,362,168.96487,7.580974,4.7026553,0.191410828637756
1587,72,374,175.84773,7.2131963,5.295459,0.0724073633224448
1587,72,386,165.98158,7.1544666,4.9830003,0.242233823124011
1587,72,398,173.70705,7.312618,4.8752317,0.109612007626924
1587,72,410,175.9553,9.56231,5.059771,0.0705347141762264
1587,74,421,116.56505,5.8802524,5.846257,0.894427200187421
1587,72,434,166.16718,8.045606,5.222342,0.239089700698008
1586,72,314,173.95543,8.215793,4.959189,0.105302063430621
1586,75,325,177.2906,9.107075,5.172887,0.0472703288964682
1586,73,338,165.69476,6.3001122,4.85035,0.247087633268349
1586,74,349,165.08006,7.209191,5.651628,0.257469094477603
1586,72,362,172.64752,7.4411974,4.790991,0.12797307968905
1586,72,374,177.55756,8.371637,4.8668694,0.0426157101729638
1586,72,386,175.28442,7.042245,5.0624065,0.0822095135253221
1586,71,398,171.39005,7.682564,4.9719324,0.149707048878788
1586,71,410,172.06354,8.783102,5.3636928,0.13807482593663
1586,73,422,145.95877,7.3791504,5.003821,0.559789333453698
1586,74,433,176.23268,8.044259,5.5397744,0.0657047700354383
1585,75,313,6.3465333,9.563475,5.059155,0.110541529442425
1585,75,325,1.4368057,7.9578876,5.599901,0.0250743619587953
1585,72,338,154.04614,6.4316254,4.1572742,0.437647210448694
1585,72,350,167.02356,7.640337,4.49947,0.224550374783837
1585,71,362,176.47136,8.203785,4.9664474,0.0615474618410396
1585,72,374,171.18622,7.882767,4.6841354,0.15322350707881
1585,73,386,0.036917362,7.3439617,4.8544245,0.000644329473467276
1585,71,398,162.52266,8.038983,4.909878,0.300328588945959
1585,72,410,176.9407,9.764303,4.824703,0.0533694898696767
1585,72,422,173.39888,7.025583,5.074413,0.114956568611421
1585,77,429,0,1.1283792,1.1283792,0
1585,74,433,176.91492,7.5234623,6.2617264,0.0538187890853992
1584,75,313,1.0497909,8.557367,4.910027,0.0183212825253203
1584,74,325,173.53098,8.303685,5.366699,0.11266596996072
1584,73,338,164.56894,6.0539103,4.6269712,0.26607871385218
1584,72,350,172.68022,7.120317,4.828081,0.127407028898561
1584,72,362,178.95993,8.518037,4.9326982,0.0181516490286991
1584,72,374,170.73509,9.020243,4.7992215,0.160999404832529
1584,71,386,167.63063,8.427066,5.1370363,0.214213173025521
1584,72,398,173.51395,7.629487,4.839637,0.112961302066691
1584,72,410,172.524,8.22475,4.953788,0.130110885328767
1584,78,415,0,1.1283792,1.1283792,0
1584,74,421,145.34572,6.518275,5.664681,0.568623300470257
1584,71,434,155.519,8.543308,6.2594094,0.414391465275901
1583,74,313,7.0181217,8.185571,5.2885923,0.122183263107375
1583,72,326,1.9869843e-14,7.923209,4.8209233,3.46794182204348e-16
1583,74,338,176.87904,7.0623813,3.9662642,0.0544440950525564
1583,72,350,169.81807,6.7746563,4.6985393,0.176774334926908
1583,72,362,177.33482,8.032292,4.9139676,0.0464993930518339
1583,74,373,167.40529,7.6862245,5.4665203,0.21805313610468
1583,72,386,173.83636,7.3013415,4.708377,0.107368444093929
1583,72,398,0.32052246,8.870461,5.0237956,0.00559414307558815
1583,71,410,174.88396,9.513152,5.085917,0.0891731358844341
1583,74,421,164.74489,6.670179,5.5356755,0.263117259247363
1583,77,428,0,2.2567585,1.1283792,0
1583,71,434,162.54364,8.043372,6.0152764,0.299979302690243
1582,75,313,6.9243064,9.572268,5.1875215,0.12055798219191
1582,72,326,5.1392527,8.147345,5.000852,0.0895766525852712
1582,72,338,166.30031,6.704809,4.747486,0.236832889475545
1582,72,350,172.22171,7.014422,3.9933825,0.135340157464937
1582,72,362,167.04675,8.006221,5.089001,0.224155950650895
1582,75,373,168.98445,8.22443,5.108792,0.191075400686223
1582,73,386,178.38464,7.3938055,4.477292,0.0281896157687628
1582,71,398,179.33853,9.342476,4.906261,0.0115445729497944
1582,71,410,168.62582,9.276392,4.9412127,0.197215566988122
1582,72,422,144.14607,8.01064,4.92725,0.585720834488298
1582,72,434,172.32942,8.492347,5.547332,0.133477321820822
1581,72,314,6.8188376,9.317458,4.6461325,0.118730427257168
1581,72,326,172.30544,7.2796144,5.0722394,0.133892095011521
1581,72,338,175.309,7.792545,4.738368,0.0817819561851734
1581,72,350,169.34818,7.8405,4.222209,0.184840271098801
1581,72,362,167.84895,7.192414,4.95671,0.210489675240527
1581,72,374,173.7621,9.312938,4.6483874,0.108656942797614
1581,72,386,165.98158,7.1544666,4.9830003,0.242233823124011
1581,78,394,0,1.1283792,1.1283792,0
1581,72,398,176.74449,9.168578,4.721576,0.0567888002736109
1581,72,410,173.39215,9.220994,4.694737,0.115073249773538
1581,72,422,164.9606,6.8405976,4.8393764,0.259483212143882
1581,79,427,0,1.1283792,1.1283792,0
1581,73,434,175.60194,7.312778,5.223348,0.0766852684873632
1580,75,313,10.367205,9.208712,5.115793,0.179956138355795
1580,73,326,0.43402573,6.994646,4.914826,0.00757510557893296
1580,71,338,165.81584,8.219651,4.801959,0.245039363497511
1580,72,350,165.97266,7.6269994,4.841215,0.242384866979575
1580,72,362,162.35182,6.8747263,5.000558,0.303171321434578
1580,71,374,173.4622,9.480311,4.834928,0.113858682673481
1580,72,386,173.86264,7.0457373,4.698476,0.106912411736496
1580,73,398,0.6752672,8.663668,4.7028193,0.0117853631327582
1580,72,410,176.15424,7.7003865,5.125772,0.0670707859589973
1580,72,422,173.95262,6.7158594,4.9292617,0.105350834386534
1580,71,434,173.80136,7.623381,5.1775484,0.107975758033288
1579,72,314,8.655281,8.793204,4.778338,0.150489260915406
1579,75,325,4.2626624,9.266743,4.808959,0.0743288812443703
1579,72,338,168.38338,6.8993034,4.798198,0.201362061720673
1579,72,350,167.95238,8.464517,4.663046,0.208724582611781
1579,73,362,165.74673,6.1012573,4.3823805,0.24620860883289
1579,72,374,177.25761,8.04037,4.433964,0.0478454614992616
1579,73,386,174.4043,6.030133,4.6452165,0.0975082085061842
1579,71,398,170.06528,7.6754317,4.478897,0.172526023566685
1579,72,410,0.72587353,7.582649,4.869531,0.0126685441604096
1579,73,422,172.6618,5.9293284,4.5094533,0.127725891982896
1579,72,434,2.4769747,7.8723083,4.5286217,0.0432178990462954
1578,72,314,13.061997,8.596371,4.887749,0.226005241307169
1578,75,325,13.214235,8.570151,5.1998363,0.228592746420898
1578,73,338,0,5.7406526,4.8794575,0
1578,72,350,164.9774,7.414689,4.464682,0.259200029001853
1578,73,362,0,5.584697,5.015719,0
1578,72,374,174.96642,8.038197,4.276764,0.0877395790911317
1578,73,386,0,6.7814155,4.318348,0
1578,72,398,178.07698,6.744973,4.7192163,0.0335567296061519
1578,73,410,0,6.5842924,4.8343825,0
1578,73,422,177.11606,5.8248672,3.9345639,0.0503129971790398
1578,72,434,0,7.0503983,4.6953697,0
1577,73,314,11.2310705,7.715648,4.4555516,0.194766277473411
1577,72,326,11.124512,8.5138,5.084703,0.192941760720169
1577,73,338,156.90941,6.196089,4.7262893,0.392186043985398
1577,72,350,156.51253,6.265026,4.267824,0.398548507748477
1577,72,362,166.96358,7.1215425,4.6484632,0.225570366129575
1577,72,374,165.76244,7.5714664,4.8767233,0.245942848822639
1577,73,386,171.78535,6.802119,4.3052044,0.142882005652754
1577,72,398,175.07573,7.445375,4.9593134,0.085838958769902
1577,73,410,3.3067303,7.33573,4.686305,0.0576812976768086
1577,73,422,179.04543,6.3391247,4.6196456,0.0166596187180292
1577,74,433,165.10286,7.82043,5.698329,0.2570845548034
1576,73,314,18.598783,6.7660747,4.704499,0.31893917800241
1576,74,325,5.761861,7.271057,5.42843,0.100394031381765
1576,73,338,10.56236,5.778366,4.406919,0.183305579519199
1576,72,350,152.83147,6.5624824,4.656431,0.456609341641406
1576,72,362,165.67987,7.8345766,4.7129474,0.247339446398725
1576,72,374,172.79053,7.622259,4.343099,0.125497211228472
1576,73,386,168.23427,6.777405,4.5087686,0.203910530891569
1576,72,398,176.58191,7.7412605,4.769759,0.059621544937181
1576,74,410,4.542257,7.4015017,4.4726367,0.0791943245649494
1576,73,422,4.144408,7.1699967,4.261892,0.0722705050326261
1576,73,434,178.91655,6.9240313,4.5971756,0.0189086428435473
1575,75,313,26.19485,7.211118,4.943853,0.441425201427465
1575,75,325,3.3944874,6.0174055,5.2898192,0.0592103296327382
1575,73,338,174.41756,6.006529,4.0275426,0.0972778780698778
1575,72,350,159.34569,5.839897,4.796535,0.352728770106063
1575,72,362,173.86761,6.1217456,5.199659,0.106826165642249
1575,72,374,172.79666,6.696572,4.943459,0.125391067682757
1575,72,386,172.63852,6.431111,4.7515507,0.128128866177286
1575,72,398,1.9187845,7.84156,5.0334916,0.0334828477266712
1575,72,410,179.38512,6.942031,4.9520764,0.0107314745130903
1575,73,422,170.25473,5.9393497,4.930592,0.169268141604588
1575,73,434,3.3067303,7.33573,4.686305,0.0576812976768086
1574,76,313,19.530329,6.440658,5.139883,0.334305791147431
1574,73,326,175.65683,6.44527,4.741112,0.0757300432251566
1574,73,338,154.59377,5.088023,4.5043645,0.429033354138219
1574,72,350,139.92654,5.8014364,4.1699243,0.643769241135781
1574,73,362,161.56505,5.9182615,4.3027487,0.31622778550648
1574,73,374,177.24017,6.987582,4.73758,0.0481494961022901
1574,73,386,170.09511,5.8325458,4.584281,0.17201317538517
1574,72,398,176.34215,7.897096,4.514407,0.0637981679658421
1574,73,410,173.62653,7.0019846,4.727835,0.111008770099475
1574,73,422,0.24910581,6.69657,4.373061,0.00434770287314062
1574,72,434,10.792645,6.681706,4.9544573,0.187255217843014
1573,75,313,23.715454,7.0168805,4.536345,0.402194737460862
1573,74,325,157.91689,6.478576,5.3063307,0.375951119025082
1573,74,338,149.03624,4.6225605,4.407045,0.514495807328773
1573,74,350,163.71297,5.878655,4.1151505,0.280449431371615
1573,73,362,169.04257,6.467785,4.5277495,0.190079606872661
1573,72,374,175.48026,7.1900406,4.6041784,0.0788025569940388
1573,72,386,169.81807,6.7746563,4.6985393,0.176774334926908
1573,72,398,170.73277,8.29714,4.7571125,0.161039368105643
1573,72,410,173.97162,6.643908,4.982644,0.105021061427272
1573,73,422,179.04543,6.3391247,4.6196456,0.0166596187180292
1573,72,434,179.06761,6.640767,4.7932696,0.0162725571754239
1572,73,314,23.187418,6.8764777,4.814126,0.393740060430867
1572,72,326,1.4959154,6.222986,4.705861,0.0261056829519941
1572,73,338,104.872444,4.8412247,4.2079916,0.966499633750822
1572,72,350,137.07982,5.7128496,4.4574585,0.680978833793152
1572,73,362,169.51155,7.6770077,4.3121266,0.182037311830468
1572,72,374,165.85649,6.2049065,4.719573,0.244351455255757
1572,73,386,175.96838,6.4460955,4.3454633,0.0703069918678505
1572,72,398,169.86522,7.475807,4.7688107,0.175964312294428
1572,72,410,167.81096,7.3301897,4.516149,0.21113782457456
1572,72,422,164.65936,6.5975637,4.824658,0.26455714585039
1572,72,434,173.97162,6.643908,4.982644,0.105021061427272
1571,73,314,28.527851,5.7484,4.429892,0.477585889530354
1571,75,325,15.43749,6.3216634,5.236633,0.266186891294354
1571,72,338,138.15721,5.4078064,4.2380056,0.667089025465966
1571,72,350,157.64253,5.5084057,5.0851865,0.380383991512872
1571,71,362,155.43752,7.6788507,4.642714,0.415685292022033
1571,72,374,168.98734,6.872088,4.4466467,0.19102588976682
1571,73,386,2.2688863,6.022313,4.4398274,0.0395891876074083
1571,72,398,175.61462,7.232248,4.929409,0.0764646105361148
1571,73,410,0.5239883,7.171697,4.2608814,0.00914519359641384
1571,74,422,8.161209,6.2724943,4.4657307,0.141958792203355
1571,73,434,178.91655,6.9240313,4.5971756,0.0189086428435473
1570,74,314,36.38295,6.0816507,3.9777935,0.593179341133191
1570,75,325,79.73534,5.534622,4.600999,0.983995135862662
1570,74,338,75.96375,4.640374,4.115744,0.970142472494763
1570,72,350,157.91621,7.0638976,3.9654129,0.375962116577533
1570,73,362,165.14261,6.736874,4.7248898,0.256414042919363
1570,73,374,173.22841,6.2095966,4.7160087,0.117911593769495
1570,72,386,157.2939,5.9061975,4.742691,0.386004258232577
1570,73,398,0,6.624562,4.8049955,0
1570,72,410,171.3088,6.7434936,4.720252,0.151108996701674
1570,73,422,9.745265,5.9393497,4.930592,0.169268055597377
1570,71,434,178.37703,7.4990883,4.7540054,0.0283223822924886
1569,75,313,70.43194,5.4399385,3.9789186,0.942244306616792
1569,73,326,135,4.6590667,4.0992312,0.707106781186548
1569,73,338,105.17162,5.2288895,4.1395164,0.965146244793923
1569,72,350,151.66257,6.947839,4.581423,0.47466330321706
1569,72,362,157.5,6.302062,4.646814,0.38268343236509
1569,72,374,169.81807,6.7746563,4.6985393,0.176774334926908
1569,79,376,0,1.1283792,1.1283792,0
1569,73,386,0,5.206759,4.6461825,0
1569,73,398,0,7.5980186,4.692106,0
1569,72,410,179.38512,6.942031,4.9520764,0.0107314745130903
1569,73,422,174.84758,5.665064,4.270305,0.0898055390933837
1569,72,434,179.38512,6.942031,4.9520764,0.0107314745130903
1568,75,314,51.197704,5.120437,3.4812174,0.779312854561827
1568,75,325,141.60242,6.1786685,5.5638957,0.621114678888869
1568,74,338,180,4.477149,3.9814074,1.22464679914735e-16
1568,73,350,121.58606,5.2885485,4.3335733,0.851854394126425
1568,73,362,170.44351,6.014977,4.868599,0.166019940452673
1568,72,374,174.51607,7.829933,4.5531306,0.0955665655917436
1568,73,386,174.55064,6.323969,4.6307173,0.094965949465727
1568,72,398,162.66484,7.051515,4.3335013,0.297960714427251
1568,72,410,172.085,7.157706,4.802861,0.137703856095119
1568,73,422,0,5.5818048,4.562107,0
1568,72,434,176.42395,7.358752,5.0176916,0.0623733325399972
1567,74,314,33.976025,5.3329782,4.2974696,0.55884594981468
1567,73,326,135,4.6590667,4.0992312,0.707106781186548
1567,74,338,0,3.9088202,3.9088202,0
1567,73,350,135,5.2009816,4.1617284,0.707106781186548
1567,72,362,163.59857,6.7557583,4.5232153,0.282365399512942
1567,73,374,0.5939955,8.185717,4.5107775,0.0103669915101545
1567,72,386,174.3981,6.474043,4.7200413,0.0976159026958668
1567,72,398,173.95262,6.7158594,4.9292617,0.105350834386534
1567,72,410,170.70734,7.0317535,4.88889,0.161477396487469
1567,73,422,15.417308,6.0097857,4.6609435,0.265847340835613
1567,73,434,7.435638,6.766272,4.8925357,0.129412391521451
1566,74,314,54.485203,4.698726,3.7936566,0.813965520971667
1566,73,326,164.82837,5.2288895,4.1395164,0.26171131869026
1566,73,338,135,4.6590667,4.0992312,0.707106781186548
1566,72,350,156.89056,5.5869784,4.102094,0.392488660222712
1566,72,362,165.87404,7.7419553,4.9337907,0.244054423626669
1566,73,374,176.42395,7.358752,5.0176916,0.0623733325399972
1566,74,385,165.29727,6.9392886,5.504482,0.253804032175941
1566,74,398,6.4178047,7.270941,4.728063,0.11177774083354
1566,72,410,173.6921,7.2037063,5.1256876,0.109871358388863
1566,72,422,9.236871,6.006131,4.6637793,0.160516396816437
1566,71,434,159.90944,6.8293295,4.8473616,0.343504965615588
1565,74,315,0,3.9664564,3.2100177,0
1565,74,326,0,4.962695,4.104994,0
1565,74,338,45,4.3803387,3.7787292,0.707106781186547
1565,74,350,145.27802,4.3141656,3.5415597,0.569594875200868
1565,71,362,172.76004,8.2830105,4.918944,0.126025137123409
1565,72,374,167.42616,7.606306,4.6869936,0.217697636422095
1565,71,386,171.35378,7.805233,4.4044127,0.15033291575412
1565,72,398,171.65038,6.80777,4.6756854,0.14521310812848
1565,73,410,178.91655,6.9240313,4.5971756,0.0189086428435473
1565,72,422,166.29622,5.6946945,4.695253,0.236902241993291
1565,73,434,3.952291,7.041437,4.8821664,0.0689257988888154
1564,74,314,90,4.263731,4.1806936,1
1564,74,326,45.000557,4.659061,4.0992365,0.707113655280347
1564,74,338,180,4.477149,3.9814074,1.22464679914735e-16
1564,74,350,45,4.3803387,3.7787292,0.707106781186547
1564,71,362,170.11467,8.547697,4.4687104,0.171676867450546
1564,72,374,168.2311,7.567222,5.0477157,0.203964695071656
1564,72,386,0,8.065766,4.893574,0
1564,72,398,174.69853,7.4816084,4.59493,0.0923961340675651
1564,73,410,172.83392,6.5056853,4.109948,0.124745864173262
1564,74,422,178.83923,6.46988,4.1326933,0.0202578725267569
1564,73,434,4.1839213,6.6187572,4.616841,0.0729583216212683
1563,74,314,134.99959,4.380334,3.7787335,0.707111841118456
1563,74,326,142.16136,4.616185,3.5856693,0.613439791000545
1563,74,338,134.99959,4.380334,3.7787335,0.707111841118456
1563,73,350,170.60568,5.254752,4.119142,0.163228157902462
1563,71,362,175.89734,8.461387,5.1161995,0.0715437512001285
1563,72,374,164.9606,6.8405976,4.8393764,0.259483212143882
1563,74,385,176.00694,7.9046392,4.9933243,0.0696356424391008
1563,72,398,175.61462,7.232248,4.929409,0.0764646105361148
1563,74,410,173.77283,6.359636,4.8049526,0.108470775855412
1563,74,422,6.8997426,5.6987863,4.2450356,0.120132378893419
1563,73,434,9.44632,6.6373897,4.6038804,0.164123489737028
1562,74,314,90,4.263731,4.1806936,1
1562,74,326,90,4.513517,3.3851376,1
1562,73,339,164.9293,4.3836617,3.1949627,0.260010749787741
1562,73,350,3.709325,5.855348,4.5664287,0.0646947201131207
1562,73,362,178.45226,7.8571906,4.537335,0.0270098737859003
1562,72,374,165.46236,6.568233,4.6523547,0.251015966759939
1562,72,386,1.1560836,7.284026,4.7195697,0.0201760961339261
1562,73,398,175.43793,7.158885,4.446361,0.0795390358116143
1562,72,410,3.338701,6.8448863,4.8363447,0.0582383536140843
1562,74,422,16.094475,6.1040335,4.3803873,0.277222004616271
1562,72,434,170.82901,6.9972744,4.9129796,0.159381360370094
1561,74,314,90,4.263731,4.1806936,1
1561,74,326,90,4.263731,4.1806936,1
1561,74,338,166.22359,4.359216,3.7970388,0.238133598887513
1561,74,350,5.8841443,4.7585263,4.013552,0.102517264596043
1561,72,362,1.9845943,8.400289,4.85027,0.0346307790501536
1561,72,374,171.8699,7.178483,4.434222,0.14142131556249
1561,72,386,176.42644,7.649232,4.827144,0.0623299584016843
1561,73,398,0,6.624562,4.8049955,0
1561,72,410,0.15740441,7.2743015,4.550846,0.00274722175599614
1561,72,422,0.22675957,6.5121713,4.887923,0.00395769077507335
1561,72,434,176.47232,7.306898,4.8790483,0.0615307384367218
1560,74,314,41.64508,5.0471683,4.2885575,0.664514370461266
1560,74,326,90,4.263731,4.1806936,1
1560,74,338,134.99959,4.380334,3.7787335,0.707111841118456
1560,75,350,18.434948,4.7554154,4.0161777,0.316227752391186
1560,72,362,179.54587,7.399635,4.989969,0.00792598074317083
1560,73,374,2.2461545e-14,7.2990503,4.3609767,3.9202791533487e-16
1560,72,386,179.53705,7.673423,4.977855,0.00807991385331849
1560,73,398,179.64415,7.088146,4.670365,0.00621071421491236
1560,73,410,11.309933,5.6229725,4.7551417,0.196116144139992
1560,78,412,0,1.1283792,1.1283792,0
1560,72,422,0,6.2240677,4.9096107,0
1560,72,434,176.42644,7.649232,4.827144,0.0623299584016843
1559,74,314,155.64235,4.7462296,3.7556872,0.412431187998904
1559,74,326,0,4.962695,4.104994,0
1559,74,338,0,3.9088202,3.9088202,0
1559,74,350,41.532825,5.0834384,4.257959,0.663049019423049
1559,72,362,2.2308388,7.7135973,4.6218004,0.0389256453715887
1559,73,374,0.93239266,6.640767,4.7932696,0.0162726035950347
1559,74,386,3.088539,6.6519957,4.5937715,0.0538790724316447
1559,72,398,2.667553,6.844089,4.650873,0.0465407648754404
1559,74,410,2.6205733,7.3524566,4.675644,0.045721687380781
1559,74,421,16.38954,5.8306518,5.0225105,0.282166318398443
1559,73,434,0,7.1747584,4.791446,0
1558,73,314,156.89056,5.5869784,4.102094,0.392488660222712
1558,74,326,165.96376,4.640374,4.115744,0.242535566316775
1558,73,339,2.5963711e-14,4.110886,3.0972385,4.5315224298627e-16
1558,74,350,26.565052,5.024401,4.8148127,0.447213608346346
1558,73,362,1.0227042,6.3741016,4.7940483,0.0178486077479381
1558,73,374,6.0473785,6.7158594,4.9292617,0.105350808352284
1558,74,386,4.9400654,7.509888,4.4080853,0.0861136197067768
1558,72,398,0.4629559,7.673423,4.977855,0.00808001682438266
1558,72,410,179.38512,6.942031,4.9520764,0.0107314745130903
1558,72,422,3.5783184,6.3755136,4.7929864,0.0624128464516515
1558,71,434,177.79007,7.5429454,5.0639615,0.0385609919600161
1557,73,314,149.03624,5.4755664,3.953029,0.514495807328773
1557,74,326,90,4.263731,4.1806936,1
1557,73,338,135,4.6590667,4.0992312,0.707106781186548
1557,74,350,29.232605,4.682956,4.350208,0.488356329174038
1557,73,362,9.172217,6.5636454,4.4616227,0.159402501775013
1557,72,374,174.1671,6.5706286,4.456881,0.101627554250072
1557,72,386,2.8914134e-14,6.9411135,4.585862,5.04646838662838e-16
1557,73,398,3.9733946,7.5088363,4.2391376,0.069293245549142
1557,72,410,0,7.2764044,5.0744767,0
1557,73,422,6.885326,6.986727,4.5559225,0.119882580197339
1557,73,434,1.1810559,7.370254,4.8371067,0.0206118543399722
1556,75,312,81.99949,6.125824,5.6118927,0.990266829897631
1556,74,326,90,4.263731,4.1806936,1
1556,73,339,2.5963711e-14,4.110886,3.0972385,4.5315224298627e-16
1556,74,350,20.956175,6.467449,3.9373777,0.357653757941067
1556,73,362,8.834192,6.8875637,4.6215167,0.153575547119614
1556,73,374,179.53194,7.0789742,4.496554,0.00816909723452966
1556,73,386,4.497194,7.1795545,4.610903,0.0784102726652727
1556,72,398,2.333429,7.3265715,4.865947,0.0407147617574737
1556,72,410,7.319781,7.120317,4.828081,0.127407046209618
1556,73,422,173.68637,6.328607,4.828511,0.109970759742376
1556,72,434,179.15544,7.6587634,4.6548905,0.0147398189440522
1555,73,314,125.86368,6.6761723,4.76785,0.810413181208554
1555,75,324,81.01334,6.408421,4.5696917,0.987724735979342
1555,73,338,66.255226,5.0118537,4.06473,0.915348210202718
1555,73,350,45,5.645278,4.5108128,0.707106781186547
1555,73,362,12.952199,7.288835,4.3670883,0.224138073982241
1555,73,374,13.699698,6.704809,4.747486,0.23683302512957
1555,73,386,10.690228,7.221211,4.7606235,0.185499024561201
1555,72,398,175.54254,6.869225,4.4485,0.0777188998725495
1555,72,410,2.7975461,7.3961387,4.648029,0.0488069922478167
1555,73,422,3.2849514,6.6863294,4.570183,0.0573018128771908
1555,73,434,6.308286,7.7639256,4.919829,0.109878054570419
1554,74,314,122.06682,4.4244657,3.45327,0.847429512368791
1554,73,325,100.83375,6.007693,4.238697,0.982176703613658
1554,74,338,45.000557,4.659061,4.0992365,0.707113655280347
1554,73,350,36.136185,5.6213913,4.7564793,0.589706523720509
1554,73,362,7.7260056,6.824966,4.8504605,0.134435962370087
1554,72,374,5.1831613,7.2950635,4.712429,0.0903398950683946
1554,72,386,0,7.1846147,4.784873,0
1554,74,397,3.0531328,7.3013444,5.231528,0.0532620050171115
1554,73,410,9.2926655,7.0317535,4.88889,0.161477491220803
1554,74,421,171.94853,6.672546,5.7245297,0.140062623253543
1554,74,433,0,7.5896726,5.0327845,0
1553,73,314,113.744774,5.0118537,4.06473,0.915348210202718
1553,75,325,69.298355,5.7569118,5.086844,0.935433881946076
1553,74,338,31.586063,5.2885485,4.3335733,0.523778710842369
1553,74,350,41.7792,5.777975,4.1868563,0.666261797312014
1553,73,362,17.611748,7.695768,4.4670615,0.302565327828077
1553,72,374,6.762844,7.829094,5.0415063,0.117760010747219
1553,72,386,179.93091,8.058649,4.7398996,0.00120584768797167
1553,72,398,179.38512,6.942031,4.9520764,0.0107314745130903
1553,74,409,7.1668925,7.246977,5.0950828,0.124759934190785
1553,72,422,2.7975461,7.3961387,4.648029,0.0488069922478167
1553,72,434,2.7975461,7.3961387,4.648029,0.0488069922478167
1552,73,314,78.69007,4.9540467,4.3691697,0.980580684159174
1552,73,326,175.34503,5.673842,4.936914,0.0811552043937789
1552,72,338,173.15207,6.0602126,4.6221595,0.119234578483075
1552,74,350,27.180096,5.831935,4.5847616,0.456788924832345
1552,73,362,22.570387,6.9927773,4.551981,0.383818115367149
1552,72,374,7.0086136,8.315652,4.7465224,0.122018557128497
1552,72,386,8.059404,7.5746784,4.706564,0.140199731341839
1552,73,398,1.8013781,6.9326015,4.224173,0.0314347995830631
1552,73,410,0.3558561,7.088146,4.670365,0.00621082067794312
1552,72,422,169.0146,6.805556,4.677206,0.190558852839301
1552,71,434,1.8836468,8.152571,4.84147,0.0328699167765198
1551,73,314,155.55315,5.519932,4.3825817,0.413848945605391
1551,75,325,57.194527,5.6909723,4.9220533,0.840514854679699
1551,75,338,42.114532,6.2117467,4.0994573,0.670614785650625
1551,73,350,9.741217,5.9579115,4.4878197,0.169198423736151
1551,73,362,17.63813,7.559305,4.7161355,0.303004166458492
1551,73,374,9.53346,7.0417542,4.339508,0.165623555818941
1551,72,386,2.4837627,7.885937,4.6822524,0.0433362609995267
1551,72,398,4.5197415,7.1900406,4.6041784,0.0788025830925639
1551,72,410,177.51624,7.885937,4.6822524,0.0433362139199075
1551,72,422,2.7598202,6.987582,4.73758,0.0481493252584081
1551,73,434,4.1839213,6.6187572,4.616841,0.0729583216212683
1550,75,313,153.68172,6.1139503,4.7897854,0.443357188846663
1550,74,325,158.73288,6.2263994,4.7032814,0.362716506394289
1550,74,337,35.87707,5.9336004,4.9353695,0.586048127884162
1550,73,350,18.06964,6.9386773,4.770971,0.310172724899485
1550,73,362,16.916222,7.332664,4.6882644,0.290973082000563
1550,73,374,11.322185,7.2594514,4.560156,0.196325824809682
1550,72,386,5.1831613,7.2950635,4.712429,0.0903398950683946
1550,72,398,173.95262,6.7158594,4.9292617,0.105350834386534
1550,72,410,175.07573,7.445375,4.9593134,0.085838958769902
1550,74,421,8.928841,6.7754564,4.885904,0.15520767644034
1550,72,434,2.7975461,7.3961387,4.648029,0.0488069922478167
1549,72,314,166.30031,6.704809,4.747486,0.236832889475545
1549,72,326,166.30031,6.704809,4.747486,0.236832889475545
1549,75,337,18.135542,6.864824,5.007771,0.311265998416095
1549,73,350,22.028343,7.6757803,4.6445713,0.375065205638705
1549,73,362,13.036416,7.1215425,4.6484632,0.225570298115708
1549,72,374,8.823643,7.4737124,4.9405093,0.153393613905264
1549,73,386,5.544022,6.980447,4.7424226,0.0966105157644347
1549,74,397,177.51514,6.9282994,5.1456647,0.0433553944974504
1549,73,410,6.885326,6.986727,4.5559225,0.119882580197339
1549,72,422,2.7598202,6.987582,4.73758,0.0481493252584081
1549,74,433,8.611718,7.235239,5.1033483,0.149737558477822
1548,74,313,160.09128,7.0301456,4.890008,0.340522651269415
1548,72,326,175.36435,7.6217594,4.3433843,0.0808191144292221
1548,74,337,27.883314,7.090781,5.2073174,0.467672419210755
1548,73,350,26.133476,7.724646,4.4503613,0.440463782092761
1548,73,362,14.53765,6.568233,4.6523547,0.251016135704831
1548,72,374,5.544653,8.047056,4.746728,0.0966214772701148
1548,73,386,7.4765797,7.4885054,4.5906982,0.13012091698998
1548,73,398,9.172217,6.5636454,4.4616227,0.159402501775013
1548,72,410,178.32845,7.2569923,4.737151,0.0291699128258606
1548,74,421,9.122928,6.97322,5.1125174,0.15855318706598
1548,72,434,170.82901,6.9972744,4.9129796,0.159381360370094
1547,73,313,159.56676,7.7102976,4.954048,0.349115750381598
1547,70,326,170.36093,8.452678,4.6695766,0.167441058725772
1547,74,337,21.997458,6.9582887,5.123488,0.374565457358397
1547,72,350,16.313812,7.8800497,4.847328,0.280898076107425
1547,72,362,2.6248083,6.7462616,5.0957804,0.0457955246508947
1547,72,374,8.810639,8.797273,4.6313972,0.153169333404885
1547,72,386,179.54587,7.399635,4.989969,0.00792598074317083
1547,72,398,4.224243,6.958131,4.940618,0.0736601744308045
1547,73,410,11.14043,7.1325264,4.641305,0.193214354573181
1547,72,422,2.7598202,6.987582,4.73758,0.0481493252584081
1547,72,434,179.38512,6.942031,4.9520764,0.0107314745130903
1546,75,313,164.74736,7.9375377,4.9726286,0.263075668387353
1546,72,326,1.9922934,7.775844,4.748545,0.034765072780219
1546,73,337,8.742213,6.251822,5.4987917,0.151989057769543
1546,73,350,8.535511,6.257021,5.087243,0.148422358781156
1546,72,362,11.797723,7.599822,5.026063,0.204457150367457
1546,73,374,6.8546214,7.9356713,4.813353,0.119350531486081
1546,73,386,1.5702567,6.9516935,4.5788827,0.0274027188657507
1546,73,398,2.0827239,7.3119297,4.3532953,0.0363423847243959
1546,72,410,1.1295086,7.7323494,4.7752557,0.0197123671461856
1546,71,422,175.85068,7.920616,4.8225017,0.0723560111601868
1546,74,433,165.10463,7.0442905,5.241684,0.257054700677679
1545,72,313,163.13396,8.281022,4.9201255,0.290135025939542
1545,72,326,2.293132,7.550297,5.059031,0.0400120195987238
1545,73,338,9.638049,6.5227227,4.684815,0.167423490466053
1545,75,349,4.4770412,6.79518,5.24647,0.0780596180321838
1545,72,362,7.786939,8.140994,4.8483543,0.135489720555181
1545,72,374,4.453372,8.74711,4.5123963,0.0776477664236165
1545,74,385,4.8866916,8.351645,5.9456954,0.0851854943348575
1545,72,398,179.36423,7.5591655,4.3793497,0.0110960520774138
1545,72,410,3.338701,6.8448863,4.8363447,0.0582383536140843
1545,72,422,179.80243,6.9752316,4.5634313,0.0034482401696595
1545,74,433,5.8510137,6.712643,5.121301,0.1019420560422
1544,75,313,168.72952,8.713365,4.675997,0.19544088480124
1544,73,326,3.3564835,7.83051,4.7153945,0.0585481872010907
1544,73,338,10.88058,6.1369348,4.564375,0.188762604160639
1544,73,350,13.699698,6.704809,4.747486,0.23683302512957
1544,72,362,8.463757,8.172637,4.8295827,0.147183770040879
1544,72,374,7.6745353,7.718409,4.7838807,0.13354573679414
1544,72,386,1.9845943,8.400289,4.85027,0.0346307790501536
1544,72,398,5.717341,7.071339,4.8615217,0.0996209062666462
1544,73,410,3.2849514,6.6863294,4.570183,0.0573018128771908
1544,71,422,178.58228,7.4502144,5.297891,0.0247413570017617
1544,72,434,179.8573,6.5902815,5.023189,0.00249058226774152
1543,75,313,170.69739,8.672295,5.285409,0.161648775266372
1543,75,325,1.2258497,7.7159314,5.445474,0.0213934811649546
1543,73,338,10.465392,6.8106775,4.8606367,0.18164158316706
1543,75,349,10.860196,7.1058273,5.196291,0.188413220036517
1543,73,362,8.1553955,8.127504,4.856402,0.141858354333713
1543,73,374,9.53346,7.0417542,4.339508,0.165623555818941
1543,72,386,3.7077336,8.449509,4.8220162,0.0646670031045926
1543,72,398,4.4056926,7.5262985,4.567646,0.076818089538333
1543,72,410,4.7091413,6.6274357,4.8029118,0.0820975168786596
1543,72,422,6.518314,7.524216,4.738129,0.113520792889278
1543,72,434,6.518314,7.524216,4.738129,0.113520792889278
1542,71,314,173.87875,8.422264,4.8376145,0.106632846528071
1542,75,325,178.12238,7.7341666,5.2680097,0.0327647859308105
1542,72,338,3.3029647,6.9013805,4.981245,0.0576156848581464
1542,73,350,12.895653,7.2608676,4.909979,0.223176160760538
1542,75,361,15.392074,8.033432,5.071763,0.265422747004761
1542,72,374,7.2824206,6.735285,4.9150453,0.126760271149067
1542,75,385,7.969155,7.8032794,4.895017,0.13863997316478
1542,72,398,5.5520287,8.065623,4.420081,0.0967496044156608
1542,72,410,177.24765,7.5575595,4.5487523,0.0480190964846973
1542,71,422,1.3992718,7.2325964,4.929171,0.0244194724569791
1542,73,434,0,6.5842924,4.8343825,0
1541,75,312,161.44212,7.7419024,5.7561283,0.318262487642664
1541,74,325,174.00172,7.6945953,5.2951016,0.10449860800828
1541,73,338,16.757292,6.4541726,4.5372987,0.288318135340948
1541,73,350,11.45702,8.307278,4.4447713,0.198632795212605
1541,75,361,13.890442,8.227225,4.797538,0.240066105600189
1541,73,374,1.5836437,6.8888354,4.2510104,0.0276362776022416
1541,73,386,7.209477,7.622259,4.343099,0.125497332435615
1541,72,398,7.292827,7.9710712,4.632244,0.126940429893408
1541,72,410,3.057752,6.614514,4.6198025,0.0533425106581042
1541,72,422,178.07698,6.744973,4.7192163,0.0335567296061519
1541,72,434,3.508251,6.3659544,5.2001987,0.0611922774156272
